chamfer_dist,ego_vel,delta_ego_vel,ego_accel,obj_count,delta_obj_count,avg_dist,target_confidence
3.0955131639789917,8.988266307839098,8.988266307839098,17.976532615678195,78.0,9.0,1220.880831125584,0.7115217365020365
3.268545299386613,8.749225025834908,-0.23904128200418917,-0.47808256400837834,86.0,8.0,1216.726564470402,0.7255526241802778
3.55877357144381,8.358815374595311,-0.39040965123959737,-0.7808193024791947,94.0,8.0,1213.0334281715725,0.7429582570698813
3.2612765586867156,8.143925910154083,-0.21488946444122803,-0.42977892888245606,103.0,9.0,1209.2865079619382,0.7604506796170947
2.7136279021814618,7.679286808931519,-0.4646391012225637,-0.9292782024451274,103.0,0.0,1207.5422167044992,0.8002125284239673
2.741341079222305,7.50137428236383,-0.17791252656768908,-0.35582505313537816,110.0,7.0,1204.5281441901643,0.7934489888429596
2.809549397515893,7.252256524053056,-0.2491177583107742,-0.4982355166215484,118.0,8.0,1201.395504965227,0.7883628253041995
2.797442485333489,6.965985825658533,-0.2862706983945227,-0.5725413967890454,120.0,2.0,1199.5993883630117,0.8214665180282418
3.0517038104022456,6.764057032501625,-0.2019287931569087,-0.4038575863138174,124.0,4.0,1198.138310661175,0.825316709813825
3.1026600368266615,6.4387328220830815,-0.3253242104185432,-0.6506484208370864,127.0,3.0,1196.7006083271308,0.8287172740775228
3.020799936244572,6.300212061108216,-0.1385207609748651,-0.2770415219497302,129.0,2.0,1196.070974002322,0.8312293794677155
2.5514836935672833,5.977529036566201,-0.32268302454201514,-0.6453660490840303,136.0,7.0,1194.710194518264,0.822721699377442
2.9889526964403297,5.741395672665639,-0.23613336390056183,-0.47226672780112366,137.0,1.0,1194.0169477931324,0.8109241963987284
3.085506803491473,5.563322682322179,-0.1780729903434608,-0.3561459806869216,141.0,4.0,1192.5539192581296,0.813181160381451
3.1484353176371287,5.144473523442194,-0.41884915887998453,-0.8376983177599691,143.0,2.0,1191.2545585750913,0.8452470722603762
3.26599126679924,4.9555832961051625,-0.18889022733703165,-0.3777804546740633,147.0,4.0,1190.619489641215,0.8381562898858835
3.471761661009684,4.671459719015278,-0.28412357708988445,-0.5682471541797689,148.0,1.0,1189.3673656062642,0.7789789344068279
3.1482947046474625,4.503458756948699,-0.16800096206657944,-0.3360019241331589,152.0,4.0,1188.9654945468835,0.8402326027866266
3.0547699232988053,4.19435183173043,-0.309106925218269,-0.618213850436538,156.0,4.0,1188.4444328958598,0.8206496638652779
3.021154272542387,4.29845476501041,0.10410293327998055,0.2082058665599611,154.0,-2.0,1188.3253852391526,0.8004971036765038
3.0706903919884128,4.47419612339023,0.17574135837981952,0.35148271675963905,151.0,-3.0,1188.427461981279,0.8282717794391757
3.0594379333715374,4.268823894651729,-0.2053722287385007,-0.4107444574770014,148.0,-3.0,1185.7564261157445,0.8362887053688413
3.005090072236479,4.159789875140795,-0.10903401951093361,-0.21806803902186722,144.0,-4.0,1186.287432996606,0.8373475487357426
3.1216959355528333,4.005580002917195,-0.15420987222360072,-0.30841974444720144,136.0,-8.0,1187.3768594425587,0.797146680013567
2.708043741137039,3.705809133628782,-0.29977086928841246,-0.5995417385768249,125.0,-11.0,1186.3780335761667,0.8155747042041481
2.892502023127796,3.263364780681232,-0.44244435294755036,-0.8848887058951007,122.0,-3.0,1185.8943978779018,0.8503007842170711
2.6525428435353384,2.9835401869086278,-0.27982459377260405,-0.5596491875452081,122.0,0.0,1185.810725973676,0.8744256145143415
2.580110360897339,2.7200535262775927,-0.2634866606310351,-0.5269733212620702,123.0,1.0,1185.8600248550142,0.8395828863866538
2.4712925052153274,2.5839456388402304,-0.13610788743736224,-0.2722157748747245,125.0,2.0,1186.0337950628418,0.831656798827161
2.5029436989474028,2.465725919293252,-0.1182197195469783,-0.2364394390939566,119.0,-6.0,1185.6438373041583,0.828098982201442
2.6155928889282256,2.363426181350454,-0.10229973794279834,-0.20459947588559668,116.0,-3.0,1185.7915212050473,0.8913082092545577
2.513147684624421,2.326014484622326,-0.03741169672812772,-0.07482339345625544,113.0,-3.0,1185.1736918674046,0.8818653628236921
2.5369578563193778,2.3411161795912365,0.01510169496891045,0.0302033899378209,113.0,0.0,1184.6679958878394,0.8862453508637188
2.538655596837681,2.248973830430547,-0.09214234916068964,-0.18428469832137928,107.0,-6.0,1184.2011613406157,0.8704908219416932
2.815686316116633,2.27109729958417,0.022123469153623176,0.04424693830724635,101.0,-6.0,1183.6710742815983,0.8806693294258547
2.6314737196707316,2.457994066290998,0.18689676670682775,0.3737935334136555,95.0,-6.0,1182.6319378839246,0.8505535102243095
2.827329032583208,2.3863915543664325,-0.07160251192456535,-0.1432050238491307,87.0,-8.0,1182.0768134095367,0.8173365634704619
2.7251470709698404,2.0598628502892233,-0.32652870407720913,-0.6530574081544183,77.0,-10.0,1182.3368319876836,0.8225064074248445
1.8696657662233656,8.515073944125518,8.515073944125518,17.030147888251037,30.0,7.0,1750.1352987977,0.21929015782504824
1.8392755416372517,8.45959897231373,-0.05547497181178862,-0.11094994362357724,33.0,3.0,1749.0254004952326,0.2596487288212917
1.9376921725217997,8.351201024259057,-0.10839794805467307,-0.21679589610934613,38.0,5.0,1748.5303317967107,0.3312648972828098
1.9285459287532598,8.350515953787554,-0.0006850704715031242,-0.0013701409430062483,39.0,1.0,1747.0750078578835,0.36595068501596073
1.8293759274852301,8.558841602728576,0.20832564894102212,0.41665129788204425,44.0,5.0,1748.0443013255106,0.41548439320780595
2.250467442111765,8.720167927583345,0.1613263248547696,0.3226526497095392,45.0,1.0,1746.7876906219117,0.42944950343505334
2.613649223791511,8.940454538924719,0.22028661134137373,0.44057322268274746,50.0,5.0,1745.1966986986047,0.46606698917714445
2.530402197237623,8.956712832627582,0.01625829370286347,0.03251658740572694,49.0,-1.0,1745.2667871396777,0.5153358889633768
2.9259773369792255,8.99250368871297,0.0357908560853879,0.0715817121707758,49.0,0.0,1744.0308692933775,0.5308805802560369
2.7486245365344475,8.792587179927976,-0.19991650878499456,-0.3998330175699891,48.0,-1.0,1743.4814346160765,0.5906240413975993
2.5567079393249807,7.7617739560983345,-1.0308132238296412,-2.0616264476592825,44.0,-4.0,1743.2674380821775,0.5407251354026286
2.5532671525173054,6.544905036916122,-1.2168689191822128,-2.4337378383644257,45.0,1.0,1742.2550081777347,0.5534275905118824
2.1123350666902505,5.246667902752653,-1.298237134163469,-2.596474268326938,48.0,3.0,1741.054592365848,0.6455920842768454
1.9426561937906506,4.053827892484718,-1.1928400102679344,-2.385680020535869,49.0,1.0,1740.569516436239,0.6470131819562107
1.9665491289726544,2.835308871516534,-1.2185190209681842,-2.4370380419363684,50.0,1.0,1740.054837484053,0.6454453806000162
1.9397723056018985,1.8433105665896228,-0.9919983049269112,-1.9839966098538224,49.0,-1.0,1738.9481437964057,0.6554770441952595
1.9310014491222007,1.664982471462252,-0.1783280951273707,-0.3566561902547414,54.0,5.0,1735.5373722144034,0.6595029823374232
1.8701276020173525,1.681880088813199,0.01689761735094697,0.03379523470189394,55.0,1.0,1735.1649064784206,0.7069414323832975
1.9714238304824014,1.8462120330764313,0.16433194426323228,0.32866388852646455,57.0,2.0,1735.059108581791,0.7225115287664353
2.0076738618280734,2.09270966415301,0.24649763107657874,0.4929952621531575,61.0,4.0,1734.2267610854253,0.7131978245444359
2.1678060544882443,2.4915491992872822,0.39883953513427217,0.7976790702685443,62.0,1.0,1733.498669691151,0.714361406907361
2.345173405297343,2.8030880750760665,0.31153887578878425,0.6230777515775685,63.0,1.0,1733.2671692420688,0.7023819457206271
2.3926470152454513,3.331333995534758,0.5282459204586916,1.0564918409173831,63.0,0.0,1733.2814319589045,0.709777987536213
2.5032989957409413,3.7757824653164618,0.4444484697817037,0.8888969395634074,64.0,1.0,1732.4192653954594,0.7027987229733074
2.4470926549332166,4.219108708534425,0.44332624321796343,0.8866524864359269,65.0,1.0,1731.2894079485034,0.7248283085737144
2.6225888775980053,4.703836137660711,0.48472742912628597,0.9694548582525719,65.0,0.0,1730.8100117898396,0.724879249109403
2.617167654877432,5.24081355318564,0.5369774155249285,1.073954831049857,63.0,-2.0,1729.5437361918507,0.7373663699965148
2.771637423857457,5.641450284684146,0.40063673149850665,0.8012734629970133,64.0,1.0,1729.247530288621,0.7482254750398297
2.7830926050607285,5.980256351018384,0.3388060663342376,0.6776121326684752,63.0,-1.0,1729.061341490482,0.7611213820906296
2.546003042801435,6.3980517274964,0.4177953764780158,0.8355907529560316,64.0,1.0,1726.5023890995076,0.7410348911382545
2.810525210632812,6.816870740269566,0.4188190127731666,0.8376380255463332,64.0,0.0,1725.5369921175152,0.7615661524392111
2.7936951325132124,7.107722404607518,0.29085166433795173,0.5817033286759035,56.0,-8.0,1725.116728261788,0.757019774220767
2.640011137324282,7.513901745505662,0.4061793408981442,0.8123586817962885,57.0,1.0,1723.446136607372,0.7564300886405079
2.7328138309873187,7.775402472882496,0.26150072737683416,0.5230014547536683,57.0,0.0,1722.8491250379839,0.7835693258422477
3.0565484687051145,7.916318427284976,0.1409159544024794,0.2818319088049588,58.0,1.0,1721.5022324550753,0.7736840056388385
2.6314052498545495,8.114611856456879,0.19829342917190296,0.3965868583438059,54.0,-4.0,1720.8602338984927,0.7877604438602324
2.7791359010449397,8.168801303860949,0.05418944740407028,0.10837889480814056,55.0,1.0,1719.1005593188074,0.802764138661519
2.558403291123497,8.253988046215303,0.0851867423543542,0.1703734847087084,49.0,-6.0,1718.4903058183245,0.7988600116888546
2.3399689921058138,8.32585535922802,0.0718673130127172,0.1437346260254344,44.0,-5.0,1717.9309709316194,0.753166991452324
1.845421980344145,2.772710657720554e-05,2.772710657720554e-05,5.545421315441108e-05,44.0,4.0,1670.777273060029,0.7507916439246319
1.8482588755351967,1.3426486386366726e-05,-1.4300620190838815e-05,-2.860124038167763e-05,46.0,2.0,1670.8737251411474,0.7338872090152363
1.8599319150413283,1.4507473511849e-05,1.0809871254822744e-06,2.161974250964549e-06,46.0,0.0,1671.332450077906,0.7533955638650724
1.909825036185204,3.74958730804712e-05,2.29883995686222e-05,4.59767991372444e-05,46.0,0.0,1671.8100198921852,0.7518640954892015
1.9175109855540922,1.486977643991637e-05,-2.262609664055483e-05,-4.525219328110966e-05,46.0,0.0,1672.3584619165936,0.7483303668277723
1.9036901888102844,1.824293033010891e-05,3.3731538901925386e-06,6.746307780385077e-06,47.0,1.0,1673.016837793745,0.7436317574513137
1.8788266717592004,5.5376544259609e-06,-1.270527590414801e-05,-2.541055180829602e-05,48.0,1.0,1672.258843924925,0.7495350910504415
1.726716767134614,2.7261740327250223e-05,2.1724085901289324e-05,4.344817180257865e-05,50.0,2.0,1670.7594895021894,0.7515005781376036
1.8433242243366692,3.7549967709944095e-06,-2.3506743556255814e-05,-4.701348711251163e-05,50.0,0.0,1671.3738609052632,0.7530583377414375
2.0603066541590325,8.243398665532903e-06,4.488401894538494e-06,8.976803789076988e-06,51.0,1.0,1670.2397821526597,0.7356405793878931
1.8230936237090614,1.0423934433591768e-05,2.1805357680588644e-06,4.361071536117729e-06,51.0,0.0,1670.8947309929724,0.7426233319365263
1.7780826158963197,2.996200497665781e-05,1.9538070543066043e-05,3.9076141086132086e-05,51.0,0.0,1671.5799145541484,0.7434303892176605
1.7311239137406569,2.1675228526831214e-06,-2.779448212397469e-05,-5.558896424794938e-05,51.0,0.0,1672.2402160850547,0.7425310427492817
2.021894509591435,1.4410279109040378e-05,1.2242756256357256e-05,2.4485512512714512e-05,52.0,1.0,1671.8239463140742,0.7420718992903271
1.9156760659372873,1.6112350041940252e-05,1.7020709328998736e-06,3.404141865799747e-06,53.0,1.0,1671.678602108078,0.756998999908089
1.991345048189673,2.7019825387902614e-05,1.0907475345962362e-05,2.1814950691924725e-05,52.0,-1.0,1672.6681684011853,0.7397609088535436
1.8196097817625425,1.4790589217884945e-05,-1.222923617001767e-05,-2.445847234003534e-05,52.0,0.0,1673.4159909531581,0.7395643444660879
1.770276239027007,2.074408083149343e-05,5.953491613608484e-06,1.1906983227216967e-05,52.0,0.0,1674.117038305273,0.7403562317649638
1.8850112802149184,2.3773111307576113e-05,3.029030476082684e-06,6.058060952165368e-06,51.0,-1.0,1673.765469030064,0.736151181423038
1.9207965962983222,1.8698748143716513e-05,-5.0743631638596e-06,-1.01487263277192e-05,51.0,0.0,1674.4148036648082,0.7346735116626341
1.8873109555155962,7.293740074918954e-06,-1.140500806879756e-05,-2.281001613759512e-05,51.0,0.0,1673.1695476229902,0.7407421428543158
1.9838990373235026,1.587129147229504e-05,8.577551397376088e-06,1.7155102794752176e-05,51.0,0.0,1673.8032190749634,0.7366363074629191
1.784006501845264,7.642571839913389e-06,-8.228719632381652e-06,-1.6457439264763305e-05,51.0,0.0,1674.458005826592,0.737532041973717
1.8597401578677353,3.154091107973211e-06,-4.488480731940179e-06,-8.976961463880357e-06,52.0,1.0,1675.1914515783526,0.7422133700735573
1.878849900457602,1.5964243848125514e-05,1.2810152740152304e-05,2.5620305480304608e-05,51.0,-1.0,1675.9718696086907,0.7468208286150538
1.8276815237063098,1.3614413694895232e-05,-2.3498301532302824e-06,-4.699660306460565e-06,50.0,-1.0,1675.2446574763233,0.7483959801011502
1.8510275957659088,1.8896995382203846e-05,5.282581687308614e-06,1.0565163374617228e-05,51.0,1.0,1674.488698500862,0.7539817607177276
1.8993898746752573,1.3896639202221049e-05,-5.000356179982797e-06,-1.0000712359965594e-05,50.0,-1.0,1673.9590995585108,0.7575136011869458
1.9677430190447966,9.313499770789901e-06,-4.583139431431148e-06,-9.166278862862296e-06,50.0,0.0,1674.386321623478,0.7768233697305373
1.7385452645495363,3.510366544166139e-06,-5.803133226623762e-06,-1.1606266453247525e-05,50.0,0.0,1674.8468717739443,0.7735949199720773
1.8883788298865325,1.718321149773977e-05,1.3672844953573632e-05,2.7345689907147263e-05,50.0,0.0,1675.2285341556833,0.7794115590622495
1.7777798639683695,1.434099575509854e-05,-2.8422157426412296e-06,-5.684431485282459e-06,49.0,-1.0,1674.3670570719871,0.778183672024132
1.947274233555748,1.3074233489193738e-07,-1.4210253420206604e-05,-2.842050684041321e-05,48.0,-1.0,1673.977504570242,0.7913647113267874
2.007544799483825,1.8705611526898088e-05,1.857486919200615e-05,3.71497383840123e-05,48.0,0.0,1674.3073469396304,0.7982379171886596
1.7872204843119195,4.866745180934416e-06,-1.3838866345963673e-05,-2.7677732691927345e-05,45.0,-3.0,1674.9241491821588,0.7845877387890229
1.6920454370480151,3.586763493063843e-05,3.100088974970401e-05,6.200177949940802e-05,44.0,-1.0,1673.3918469780183,0.8033116311232269
1.788169451716441,2.145022804370079e-05,-1.4417406886937637e-05,-2.8834813773875273e-05,44.0,0.0,1673.597251477105,0.8058957113659838
1.8354507947608287,1.3478711502094579e-05,-7.971516541606213e-06,-1.5943033083212425e-05,43.0,-1.0,1672.6865797613877,0.811213718709169
1.9290721128191373,1.728926499910248e-05,3.8105534970079e-06,7.6211069940158e-06,42.0,-1.0,1674.1683999965,0.8023644334416168
1.8236098876738327,1.40650114887068e-06,-1.58827638502318e-05,-3.17655277004636e-05,41.0,-1.0,1675.0026987594078,0.8238715296654441
2.192354462638435,7.692694403274555,7.692694403274555,15.38538880654911,37.0,3.0,1986.977977973444,0.8830006795787441
2.192330326927321,8.185916400546434,0.49322199727187943,0.9864439945437589,42.0,5.0,1993.3121405892646,0.8799800727735994
2.1509918916590127,8.479816982325772,0.2939005817793383,0.5878011635586766,44.0,2.0,1993.751681819574,0.9019763552585404
2.355832759272739,8.614105804071993,0.13428882174622103,0.26857764349244206,54.0,10.0,1998.4786648895638,0.8635880472443256
2.185804751761593,8.572462558896856,-0.04164324517513762,-0.08328649035027524,60.0,6.0,2000.1968721630715,0.8907874638180429
2.1562893758527584,8.530746005259186,-0.04171655363767002,-0.08343310727534003,61.0,1.0,2001.548731028958,0.9097888786264193
2.188779278988697,8.675973322314626,0.1452273170554399,0.2904546341108798,58.0,-3.0,2004.4975129881732,0.8829752991454596
1.967716489985646,8.423494682937756,-0.25247863937686965,-0.5049572787537393,61.0,3.0,2006.1475107059837,0.8993602616599561
2.1156939708369267,8.315069525406088,-0.10842515753166815,-0.2168503150633363,62.0,1.0,2006.4265556454343,0.9066448435159824
2.0561473666139225,8.501037962824634,0.18596843741854663,0.37193687483709326,62.0,0.0,2006.3319375521721,0.9050371945612855
2.087883727000138,8.66127327883988,0.1602353160152461,0.3204706320304922,61.0,-1.0,2009.5973869600052,0.9036626060848907
2.463878279168202,8.485424107738886,-0.17584917110099418,-0.35169834220198837,61.0,0.0,2012.6245268729663,0.9057912840868053
2.2972191349598288,8.517090739926147,0.03166663218726029,0.06333326437452058,59.0,-2.0,2015.3407841441744,0.8974526365014363
2.3853607267720056,8.325936484207446,-0.19115425571870048,-0.38230851143740097,56.0,-3.0,2020.633602410341,0.8951866399544158
2.531190793799668,7.978354794459885,-0.3475816897475612,-0.6951633794951224,55.0,-1.0,2027.0079119687848,0.896066865583004
2.553181464577613,7.965925800638708,-0.012428993821177237,-0.024857987642354473,55.0,0.0,2028.5600305046082,0.9056984081684452
2.3028474060710726,8.204152571668521,0.23822677102981338,0.47645354205962676,56.0,1.0,2031.3271183892516,0.9168659166670343
2.26943026480215,8.471490124864431,0.2673375531959099,0.5346751063918198,54.0,-2.0,2034.368709492612,0.9171961307755273
2.3793938699389745,8.834267372570219,0.3627772477057878,0.7255544954115756,55.0,1.0,2036.6275139178983,0.9261992483122595
2.4185241631679637,8.337570104261856,-0.49669726830836325,-0.9933945366167265,60.0,5.0,2040.4995303923902,0.9154968115359069
2.4542347193438028,7.257049475362849,-1.0805206288990066,-2.161041257798013,62.0,2.0,2043.6938981969108,0.9158587887357951
2.4928359572805263,6.4457389887584,-0.8113104866044489,-1.6226209732088979,65.0,3.0,2049.5031980746057,0.917946446256153
2.486465457277908,6.214865550374027,-0.23087343838437313,-0.46174687676874626,65.0,0.0,2052.7686238659026,0.9167298307993852
2.127528776434224,6.404105050055913,0.1892394996818858,0.3784789993637716,65.0,0.0,2055.7878467182336,0.9188139047654024
2.190355582843167,6.839327482634399,0.43522243257848636,0.8704448651569727,66.0,1.0,2056.057312703527,0.93607511818099
2.1726716393655554,7.621857252716456,0.782529770082057,1.565059540164114,71.0,5.0,2057.878509609506,0.9221019815328401
2.4262617497068844,8.13812472892988,0.5162674762134234,1.0325349524268468,71.0,0.0,2059.542172427243,0.9103368188672648
2.4908188185787905,8.46465835559895,0.32653362666906993,0.6530672533381399,73.0,2.0,2064.301308545462,0.9019718760741753
2.3869867982515975,8.590288634595407,0.12563027899645718,0.25126055799291436,76.0,3.0,2066.8179213585827,0.9127782072829348
2.5868476010754176,8.492805194357794,-0.09748344023761213,-0.19496688047522426,66.0,-10.0,2074.030512146166,0.8756541766132936
2.6879774875797793,8.340051949550164,-0.15275324480763075,-0.3055064896152615,61.0,-5.0,2079.808081911304,0.8734907813222426
2.5441271439770428,8.33998697493077,-6.497461939325433e-05,-0.00012994923878650866,56.0,-5.0,2087.835534729328,0.8553249279354073
2.294872845337984,8.610365218041375,0.27037824311060454,0.5407564862212091,59.0,3.0,2089.2972094956003,0.9028603788497264
2.5064753146664165,8.917512660368942,0.3071474423275671,0.6142948846551342,59.0,0.0,2089.2961994458265,0.9012974767070565
2.5657828050204214,8.817412416422746,-0.10010024394619599,-0.20020048789239198,61.0,2.0,2090.310828490037,0.8864324697721558
2.7277730902317616,8.839020332362432,0.02160791593968625,0.0432158318793725,56.0,-5.0,2094.0893700710267,0.8650669533726992
2.9494013247674573,8.697348160817658,-0.14167217154477463,-0.28334434308954926,57.0,1.0,2095.640617586977,0.8745922259424269
3.206580774413666,8.79710752690248,0.09975936608482172,0.19951873216964344,51.0,-6.0,2103.2354121203607,0.8561371188104969
3.0464047237555567,8.89964284598722,0.10253531908474045,0.2050706381694809,45.0,-6.0,2103.5313010198915,0.8547116019479628
3.1056382408505883,8.884636893114873,-0.01500595287234674,-0.03001190574469348,41.0,-4.0,2103.2219264247165,0.845956328338586
2.156137998447443,5.1259471164511075,5.1259471164511075,10.251894232902215,11.0,0.0,736.3232913863617,0.8330261385004123
2.073056646788106,5.108549775006556,-0.01739734144455163,-0.03479468288910326,11.0,0.0,736.0772431551544,0.8328952715276889
2.0031181884213933,5.10469490440442,-0.0038548706021357404,-0.007709741204271481,12.0,1.0,735.1880935300205,0.8184337086103309
1.9598951202295085,4.972301147669267,-0.1323937567351532,-0.2647875134703064,12.0,0.0,735.1987852340349,0.8177818731079343
1.9091601359649504,4.709219465049272,-0.26308168261999487,-0.5261633652399897,13.0,1.0,735.8086222231607,0.7861923459808167
1.92011564027368,4.302102598495416,-0.4071168665538556,-0.8142337331077112,13.0,0.0,735.8696392074145,0.8117201439716828
2.0347499213051927,3.9978386937247183,-0.3042639047706981,-0.6085278095413962,13.0,0.0,735.7578683689455,0.7639441327278835
1.9458793416060587,3.5514825857462564,-0.4463561079784619,-0.8927122159569238,13.0,0.0,735.8185982614707,0.805555962521264
1.96667391265429,3.421452544065148,-0.13003004168110843,-0.26006008336221687,14.0,1.0,736.2622385968272,0.7529296073544637
1.8558763838791894,3.0085949580544167,-0.4128575860107313,-0.8257151720214626,14.0,0.0,736.4233730885064,0.7167311774873488
1.8808627611038196,2.698496720663051,-0.31009823739136566,-0.6201964747827313,14.0,0.0,736.6320696152534,0.7165383671964426
1.9059752884778254,2.429740537022035,-0.26875618364101594,-0.5375123672820319,15.0,1.0,738.7045878885914,0.7069970043478232
1.6859710847129428,2.1654810389628896,-0.2642594980591455,-0.528518996118291,13.0,-2.0,738.7081229526102,0.705798801390418
1.7334025635031742,1.926092956244946,-0.23938808271794354,-0.4787761654358871,13.0,0.0,740.8123582009082,0.6876117522816909
1.6174641584444496,1.571128011682614,-0.35496494456233196,-0.7099298891246639,13.0,0.0,740.4699609654292,0.6713240919574818
1.8637471693714578,1.0440992150889497,-0.5270287965936644,-1.0540575931873288,14.0,1.0,742.1283550202472,0.6483594800888738
1.865829484840643,0.6142702205876059,-0.4298289945013437,-0.8596579890026874,15.0,1.0,743.0375238508599,0.6219118166240354
1.6457103658004213,0.25563224613067626,-0.3586379744569297,-0.7172759489138594,17.0,2.0,742.3842944113342,0.5809073925382151
1.7503613923821122,0.06738704440991176,-0.18824520172076448,-0.37649040344152895,17.0,0.0,742.0291204656166,0.556185065050975
1.7937644811365672,0.022395594933674955,-0.04499144947623681,-0.08998289895247362,16.0,-1.0,740.423918718511,0.5853818979407153
1.6085812490301734,0.0027649286796632617,-0.01963066625401169,-0.03926133250802338,16.0,0.0,739.8172153861974,0.6095223866674851
1.6980441241859316,0.001338874820478309,-0.0014260538591849526,-0.0028521077183699052,16.0,0.0,739.1644449638366,0.6098444760305953
1.5539883917516821,0.0011211045448941916,-0.00021777027558411753,-0.00043554055116823507,16.0,0.0,738.8761642575978,0.6363924137421877
1.796622735906607,0.0009372768773594978,-0.00018382766753469377,-0.00036765533506938754,16.0,0.0,738.6646123901397,0.6219215102149512
1.5531966095754064,0.0007965393202566581,-0.0001407375571028397,-0.0002814751142056794,17.0,1.0,739.3884597980796,0.6222981958553282
1.4672514892318873,0.0006949209884684064,-0.00010161833178825165,-0.0002032366635765033,18.0,1.0,740.4046258112743,0.604505695368025
1.3980183976065919,0.0005910649644041999,-0.00010385602406420651,-0.00020771204812841302,18.0,0.0,739.8172433771638,0.6004913488742046
1.3640909694444496,0.0004974561858530988,-9.36087785511011e-05,-0.0001872175571022022,17.0,-1.0,740.6533077186402,0.6192304684112635
1.4310390646284599,0.0004324846356378676,-6.497155021523122e-05,-0.00012994310043046243,18.0,1.0,739.6183570668163,0.6356089461427763
1.479697653791947,0.0003768799955645622,-5.56046400733054e-05,-0.0001112092801466108,18.0,0.0,739.4821749555654,0.6184285401754345
1.4056227674879802,0.00031210517714144964,-6.477481842311257e-05,-0.00012954963684622513,17.0,-1.0,740.4484591269655,0.6370472569936512
1.4348742080985084,0.00033135866521415527,1.9253488072705624e-05,3.850697614541125e-05,16.0,-1.0,738.3448643558906,0.6652765761578413
1.383455136264816,0.0002288077099823747,-0.00010255095523178056,-0.0002051019104635611,17.0,1.0,740.0906942721682,0.6650929710012189
1.3616513837834763,0.00021396047348822843,-1.4847236494146276e-05,-2.9694472988292552e-05,18.0,1.0,740.6429780696669,0.6398178786444672
1.2062332281600407,0.00017125983300448418,-4.2700640483744255e-05,-8.540128096748851e-05,16.0,-2.0,742.0074178382506,0.6577997778685936
1.5948796735984463,0.0001485949982907308,-2.266483471375337e-05,-4.532966942750674e-05,14.0,-2.0,741.048961909546,0.7133534981418637
1.4729162440499324,0.0001748334943179322,2.6238496027201398e-05,5.2476992054402796e-05,14.0,0.0,740.7784061249669,0.7447523042134547
1.478451779439264,0.00011283939924942788,-6.199409506850433e-05,-0.00012398819013700866,14.0,0.0,740.8019183785533,0.7297580235161322
1.2663754116961439,0.00010220059668908134,-1.0638802560346538e-05,-2.1277605120693076e-05,12.0,-2.0,737.8720043767731,0.7802065504531573
1.2422679133412398,7.946119310024729e-05,-2.273940358883405e-05,-4.54788071776681e-05,12.0,0.0,737.6273916960603,0.8065051139406214
3.2929557512283765,12.76763717624519,12.76763717624519,25.53527435249038,22.0,1.0,3120.993572290798,0.20710845080041132
3.222255069302059,12.890345997884909,0.12270882163971919,0.24541764327943838,21.0,-1.0,3121.164572377447,0.2443852121902591
3.1568520017446984,12.970568628264834,0.08022263037992516,0.16044526075985033,23.0,2.0,3123.348732519571,0.2603572774786719
3.30644011149612,12.883444182102314,-0.08712444616251958,-0.17424889232503915,23.0,0.0,3125.898811345679,0.24233413502917495
3.303644899911716,12.646172859740966,-0.23727132236134807,-0.47454264472269614,22.0,-1.0,3125.461470375795,0.21245200148174362
3.4697473116327533,12.493110468245172,-0.15306239149579426,-0.3061247829915885,23.0,1.0,3127.7703665658164,0.21067223835939566
3.0415863651102883,12.214077396553579,-0.2790330716915932,-0.5580661433831864,24.0,1.0,3130.8542052282232,0.2725623828898364
2.743309357319605,12.267095973312468,0.053018576758889324,0.10603715351777865,24.0,0.0,3131.0942245710303,0.2721467101693162
2.9807249627723076,12.01996828854377,-0.24712768476869762,-0.49425536953739524,26.0,2.0,3132.1509684718644,0.27824428625208114
3.3500703653618302,12.015876807620764,-0.00409148092300704,-0.00818296184601408,26.0,0.0,3132.956201545549,0.2814365647444485
3.787641904226732,11.850409385511538,-0.16546742210922538,-0.33093484421845076,28.0,2.0,3131.4213891107975,0.33134770358162746
3.5911642569693107,11.826405115179565,-0.024004270331973387,-0.048008540663946775,26.0,-2.0,3131.3273295194253,0.28796088535000036
4.0335349843333494,11.808797412712364,-0.01760770246720078,-0.03521540493440156,23.0,-3.0,3134.856338221914,0.32766840509193274
4.246124209021238,11.985144988505448,0.17634757579308413,0.35269515158616827,21.0,-2.0,3136.769629961643,0.3646216581872261
3.870555201596429,11.924943189812799,-0.06020179869264908,-0.12040359738529816,21.0,0.0,3138.249734359075,0.3475459445345396
3.830871822688522,11.999011643606279,0.0740684537934797,0.1481369075869594,20.0,-1.0,3138.751888506411,0.28422113148667183
3.5090725496613304,11.869303095307377,-0.12970854829890222,-0.25941709659780443,19.0,-1.0,3139.1834187723457,0.30102845896400726
3.5536489284965933,12.010570290412378,0.14126719510500152,0.28253439021000304,18.0,-1.0,3140.104016411102,0.32676777895840936
3.245240826696711,12.06647377205899,0.0559034816466113,0.1118069632932226,19.0,1.0,3146.860144310163,0.34203081096911425
3.2878844582361655,11.969032844121584,-0.09744092793740577,-0.19488185587481155,20.0,1.0,3148.1990194986547,0.4794365780890227
3.1468657610205617,12.066962252525643,0.09792940840405961,0.19585881680811923,19.0,-1.0,3147.3352029105504,0.40618020924515946
3.412174247051716,12.034688711777962,-0.032273540747681295,-0.06454708149536259,16.0,-3.0,3151.0688332288146,0.36078787125692974
3.4213110831232534,12.058705744390062,0.02401703261210031,0.04803406522420062,14.0,-2.0,3153.612112962419,0.2634215379712355
3.2408997161927617,11.879706526909878,-0.17899921748018421,-0.35799843496036843,15.0,1.0,3157.1389367964453,0.25736688978869565
3.3886366655731783,11.775663514003636,-0.10404301290624218,-0.20808602581248437,14.0,-1.0,3160.0248523929013,0.35275881263115694
3.3367508122540643,11.64691822358646,-0.12874529041717508,-0.25749058083435017,15.0,1.0,3162.2711429855144,0.3397131181451082
3.3263268087549163,11.623946959230556,-0.022971264355904353,-0.045942528711808706,16.0,1.0,3164.110542981859,0.3712811321001449
2.7885729016596983,11.641518911951229,0.017571952720672357,0.035143905441344714,16.0,0.0,3165.002933784265,0.38367570777733234
3.1371428555892,11.67736030215203,0.035841390200801015,0.07168278040160203,17.0,1.0,3168.198156369793,0.3670265748277835
3.1089128340286574,11.857834623161837,0.18047432100980743,0.36094864201961485,17.0,0.0,3169.272291561598,0.45193498584976277
2.992104361120984,11.994222164760217,0.1363875415983795,0.272775083196759,15.0,-2.0,3166.9754258162993,0.42356873072025986
2.84296770019125,12.256669050993313,0.2624468862330964,0.5248937724661928,11.0,-4.0,3168.6885992567763,0.26680322705115184
2.61554854341078,12.102641340826967,-0.1540277101663463,-0.3080554203326926,10.0,-1.0,3174.088510938088,0.27335592294684347
2.289914423347594,12.153221861958448,0.05058052113148115,0.1011610422629623,9.0,-1.0,3174.8205368691506,0.09474011362350526
2.7159747148751627,12.070255352816604,-0.08296650914184411,-0.16593301828368823,8.0,-1.0,3175.4662855199185,0.12792250880428221
2.907647956212157,12.105344039218634,0.035088686402030334,0.07017737280406067,9.0,1.0,3173.0420741428456,0.12781366036430786
2.8164918254842197,11.989142549823068,-0.11620148939556607,-0.23240297879113214,9.0,0.0,3174.0061190152037,0.0646783662428092
2.69232020158704,12.03975431301706,0.05061176319399152,0.10122352638798304,8.0,-1.0,3178.132446784285,0.09929954680719408
2.589864401966315,11.870899650363635,-0.16885466265342508,-0.33770932530685016,8.0,0.0,3179.412707651038,0.08749075035418098
2.9864942240947476,4.062203166297174,4.062203166297174,8.124406332594347,44.0,4.0,1930.147676515166,0.8365734795464769
3.2472567437453335,4.128817120799394,0.06661395450222063,0.13322790900444126,49.0,5.0,1930.3117021825885,0.8461485343999889
2.8168523991885817,4.0472753563076225,-0.08154176449177175,-0.1630835289835435,52.0,3.0,1929.4175104273031,0.8782472431137657
2.893470914313861,4.061969617028694,0.014694260721071828,0.029388521442143656,58.0,6.0,1928.8901286866528,0.8618539225406926
2.865208013274464,4.234869839841759,0.17290022281306427,0.34580044562612855,61.0,3.0,1928.266278230194,0.8821459226374766
2.7132900271158245,4.375075153782305,0.14020531394054636,0.2804106278810927,66.0,5.0,1928.9221485535688,0.875416975116334
2.6169325907398364,4.561735649452975,0.18666049567066967,0.37332099134133934,70.0,4.0,1929.3783671669898,0.8802927249345265
2.900999684723188,4.743167774328286,0.18143212487531102,0.36286424975062204,72.0,2.0,1929.4940265072323,0.879355680230839
2.8342432896882643,4.694477439679697,-0.04869033464858852,-0.09738066929717704,71.0,-1.0,1928.9097275021413,0.8881067527711927
2.8034940145202256,4.655753602106626,-0.03872383757307141,-0.07744767514614281,71.0,0.0,1928.8355318497302,0.8861928529595213
2.885500050063726,4.634772843323061,-0.020980758783564646,-0.04196151756712929,72.0,1.0,1929.030680025606,0.8866485909327412
2.5813183220399676,4.522859820398721,-0.11191302292434013,-0.22382604584868027,72.0,0.0,1929.323025491494,0.87443013720627
2.951591371101159,4.303852508879766,-0.21900731151895503,-0.43801462303791006,74.0,2.0,1929.6088423102522,0.8681618855129413
3.022349539372393,4.207463606415447,-0.09638890246431853,-0.19277780492863705,74.0,0.0,1929.5702197788626,0.882129800952519
2.9612289021548572,4.036871197644036,-0.17059240877141146,-0.3411848175428229,73.0,-1.0,1929.601839704152,0.8606746900066174
3.129696166757811,3.875349540978609,-0.16152165666542695,-0.3230433133308539,72.0,-1.0,1929.4246748409257,0.8773122153247495
2.943267441686607,3.8957666575016976,0.02041711652308864,0.04083423304617728,73.0,1.0,1929.6722534302721,0.8928427061147963
3.132590017603244,4.140214152782612,0.24444749528091414,0.4888949905618283,72.0,-1.0,1929.6201726512902,0.8991442609409095
3.630742896520462,4.3987918639278165,0.2585777111452048,0.5171554222904096,69.0,-3.0,1929.9223170853709,0.9113540897761042
3.0848578200606034,4.626625738035107,0.22783387410729006,0.4556677482145801,67.0,-2.0,1930.3981084165846,0.9147117230004932
2.8409550616927954,4.903590160143099,0.27696442210799255,0.5539288442159851,66.0,-1.0,1930.6290753092383,0.9264428585727865
3.114061885066959,5.133237737973959,0.22964757783085954,0.4592951556617191,64.0,-2.0,1931.0024409696466,0.9269131815659081
3.0270976795320736,5.221919141557984,0.0886814035840251,0.1773628071680502,66.0,2.0,1931.8524481972684,0.9152162464575321
3.599258811802338,5.420241999390879,0.1983228578328955,0.396645715665791,63.0,-3.0,1932.5828507376073,0.9217051459592777
3.594163990428876,5.607436968020868,0.18719496862998852,0.37438993725997705,59.0,-4.0,1933.093654040494,0.922295563686688
3.3766358452456746,5.709030978529442,0.10159401050857397,0.20318802101714795,59.0,0.0,1932.6130616895102,0.9322893835882848
2.875284456611501,5.782852906580343,0.0738219280509016,0.1476438561018032,56.0,-3.0,1933.4317263916034,0.9275203574754453
3.350777183884717,6.128091184317523,0.3452382777371801,0.6904765554743602,56.0,0.0,1933.3955805392472,0.9422397907776063
3.763451438187622,6.085120114816754,-0.04297106950076923,-0.08594213900153846,56.0,0.0,1933.359395593854,0.9396302664738491
3.5640653965144757,6.0053443025335085,-0.0797758122832457,-0.1595516245664914,54.0,-2.0,1933.999312385284,0.9365000066223371
3.745554069772701,5.996078385137343,-0.009265917396165335,-0.01853183479233067,51.0,-3.0,1935.320507382255,0.9249126817540387
3.6689361391166027,5.757343036431978,-0.23873534870536517,-0.47747069741073034,51.0,0.0,1935.3232862605819,0.9410806592730647
3.3434344418490194,5.392045991666407,-0.3652970447655708,-0.7305940895311416,49.0,-2.0,1936.4471940985766,0.9326295560572594
3.3703543078375944,4.8860087056143255,-0.5060372860520816,-1.0120745721041633,49.0,0.0,1936.4483299235394,0.9448578329528606
3.3678209123256213,4.548306422139469,-0.3377022834748562,-0.6754045669497124,48.0,-1.0,1937.275699693586,0.9217187067497354
3.527722900295887,4.06418048347621,-0.4841259386632597,-0.9682518773265194,46.0,-2.0,1938.0576520302889,0.9276500879376884
4.005324713876915,3.939583182733015,-0.12459730074319442,-0.24919460148638883,43.0,-3.0,1938.100469328693,0.9027094520807232
3.9251255776516283,3.77435358967022,-0.1652295930627954,-0.3304591861255908,40.0,-3.0,1939.2485126102092,0.9182340360100102
3.866328571817122,3.617442639775239,-0.15691094989498078,-0.31382189978996156,39.0,-1.0,1940.2640403554567,0.9082573265465405
4.096413866068142,3.5061255991774507,-0.11131704059778835,-0.2226340811955767,37.0,-2.0,1940.7121327163638,0.8897482787428301
2.9730355768316166,6.234642496734241,6.234642496734241,12.469284993468483,16.0,2.0,2094.5375874610663,0.31135072538985686
2.8614507707816377,6.690875059141553,0.4562325624073118,0.9124651248146236,18.0,2.0,2088.9176202946733,0.34691329198550375
2.979370601419061,7.124183956858491,0.4333088977169375,0.866617795433875,18.0,0.0,2084.838572543216,0.31219440347632216
2.9365850517600753,7.845971256699597,0.7217872998411066,1.4435745996822131,20.0,2.0,2081.9196660106636,0.2933564175998875
2.4484642440828885,8.596965297754897,0.7509940410553,1.5019880821106,21.0,1.0,2081.129603261705,0.2695651256774852
2.392026889822837,9.42582792196949,0.828862624214592,1.657725248429184,21.0,0.0,2073.5082286834026,0.29314781728776246
2.35118394298695,10.169600844496653,0.7437729225271639,1.4875458450543277,22.0,1.0,2069.4633223287947,0.23712368531091507
2.325866064352348,10.52527944208495,0.35567859758829634,0.7113571951765927,22.0,0.0,2067.1818399545864,0.21199751638962608
2.7579507388776134,11.069890652640236,0.5446112105552867,1.0892224211105734,22.0,0.0,2068.399116385834,0.19657547043859053
2.7994471097137548,11.39198896950512,0.3220983168648832,0.6441966337297664,22.0,0.0,2067.0011905173537,0.1955885532932778
2.7415137571561097,11.645803620969263,0.2538146514641433,0.5076293029282866,23.0,1.0,2066.7227420272407,0.1920089477157569
2.9116466364435,12.265423621416106,0.6196200004468437,1.2392400008936875,21.0,-2.0,2061.418054831528,0.159073362980084
2.575332211659637,12.279711502685952,0.014287881269845926,0.02857576253969185,20.0,-1.0,2055.5150869993413,0.09074608122533613
2.6335502127525894,12.325728414659714,0.04601691197376212,0.09203382394752424,19.0,-1.0,2055.073424392707,0.09697819854942148
2.438343867091814,12.635279414270217,0.3095509996105026,0.6191019992210052,19.0,0.0,2053.5429587190897,0.0963715902129655
3.127803971001597,12.572241533067013,-0.0630378812032042,-0.1260757624064084,21.0,2.0,2050.347929929941,0.08174814899438348
3.0524051121671762,12.639042141887584,0.06680060882057148,0.13360121764114297,21.0,0.0,2048.7381898251006,0.1618687854941776
2.658523632577993,12.748716694245054,0.10967455235747003,0.21934910471494007,20.0,-1.0,2048.647098810353,0.16378578704630606
2.6224030776452336,12.937176306520001,0.18845961227494712,0.37691922454989424,19.0,-1.0,2040.728054960817,0.18225943688209945
2.3743589446189914,12.958882452587122,0.021706146067121068,0.043412292134242136,20.0,1.0,2041.9274308526553,0.1843298869096561
2.0325510197212058,13.119609734449856,0.16072728186273366,0.3214545637254673,21.0,1.0,2041.9781788412126,0.24849676045134395
2.2930709917470278,13.558280312799347,0.4386705783494911,0.8773411566989822,20.0,-1.0,2033.0382603204139,0.2248189492061534
2.0743143546108223,13.830689660393006,0.2724093475936584,0.5448186951873168,20.0,0.0,2030.8574420549025,0.21040524865438023
2.3707796894945576,14.041799253413153,0.2111095930201472,0.4222191860402944,21.0,1.0,2030.330655786877,0.24168533284723623
2.687789537002419,14.250943616498661,0.20914436308550854,0.4182887261710171,20.0,-1.0,2029.642609426664,0.2416621400556377
2.940326253357485,14.282264188965609,0.03132057246694764,0.06264114493389528,19.0,-1.0,2028.2165940790878,0.26458213093351785
2.8539259501409346,14.622337101091256,0.34007291212564716,0.6801458242512943,21.0,2.0,2025.0989258113102,0.27446037216692687
2.7752566066228734,14.9246090362345,0.3022719351432439,0.6045438702864878,25.0,4.0,2023.4643718376842,0.3201219571120928
2.86651851280233,14.96865575052743,0.04404671429293039,0.08809342858586078,27.0,2.0,2022.799329303253,0.3935718954740109
3.0150559610972625,14.706440334696495,-0.26221541583093533,-0.5244308316618707,26.0,-1.0,2019.5323697624847,0.5526443849267698
2.9663973221808018,14.797309253642544,0.09086891894604854,0.18173783789209708,26.0,0.0,2019.3510715483596,0.6150244264190701
3.20763083046171,14.887330186240359,0.09002093259781496,0.18004186519562992,28.0,2.0,2018.4152264377185,0.6600002830146068
3.1150912380398132,14.743299470063532,-0.14403071617682706,-0.2880614323536541,27.0,-1.0,2018.452650076972,0.6693915779284804
3.29008574695571,14.724879637016244,-0.01841983304728778,-0.03683966609457556,28.0,1.0,2015.166652587134,0.6770886172320203
3.0974052915369525,14.73274214021762,0.007862503201376825,0.01572500640275365,29.0,1.0,2011.9515713655571,0.6286953985621432
3.1243295958860005,14.904042919414884,0.1713007791972636,0.3426015583945272,31.0,2.0,2008.416189840125,0.612738733119184
3.1440516016938345,14.915737474522258,0.011694555107373716,0.023389110214747433,31.0,0.0,2009.1342324135815,0.5821993875227303
3.0902507197936555,14.975252645987345,0.05951517146508678,0.11903034293017356,29.0,-2.0,2008.8473534225132,0.5652745622920727
2.6758314936963923,15.088728562697522,0.11347591671017732,0.22695183342035463,22.0,-7.0,2004.2858056289538,0.4993855438348112
3.049021436003559,15.164891666481983,0.07616310378446123,0.15232620756892246,19.0,-3.0,2002.1109475407873,0.39799993456908167
2.3232200410115853,0.15718119804339517,0.15718119804339517,0.31436239608679034,53.0,1.0,1950.3989662548267,0.47345212505727546
2.458481076324671,0.16031340908501904,0.003132211041623867,0.006264422083247734,54.0,1.0,1949.486161540321,0.4957237255487032
2.4487511488911324,0.4215181229528634,0.2612047138678444,0.5224094277356888,58.0,4.0,1947.5319409107638,0.5058486088311961
2.641484095031828,0.9207544496491346,0.49923632669627116,0.9984726533925423,59.0,1.0,1947.43362296885,0.5091468650052419
2.860468158882469,1.5369117390213989,0.6161572893722643,1.2323145787445287,60.0,1.0,1946.6544615209448,0.4996382956306335
2.5905952259698273,2.0292183856560833,0.4923066466346844,0.9846132932693688,60.0,0.0,1946.5213244975719,0.5350896906996379
2.7818310702883062,2.6417143863615444,0.6124960007054612,1.2249920014109223,62.0,2.0,1945.8630073045942,0.497112593600488
2.577348932460395,2.724537790142419,0.08282340378087438,0.16564680756174877,62.0,0.0,1945.699391697867,0.4922677386947053
2.736871905646266,2.75502324236324,0.03048545222082133,0.06097090444164266,62.0,0.0,1944.6542404252064,0.5026798576211605
2.9081103689817422,2.703493000695866,-0.05153024166737419,-0.10306048333474838,61.0,-1.0,1944.0239642601548,0.4978576793025398
3.0431467445020077,2.641213354573784,-0.06227964612208181,-0.12455929224416362,62.0,1.0,1943.155555363495,0.49018615026163076
3.231085709049924,2.513246626421937,-0.12796672815184706,-0.25593345630369413,63.0,1.0,1942.2366093171156,0.49715916269238214
3.3037742858406713,2.696379639065401,0.18313301264346382,0.36626602528692764,65.0,2.0,1941.7079031928188,0.49511352812988846
3.257091857267062,3.2187069907632617,0.5223273516978608,1.0446547033957216,65.0,0.0,1941.586009080855,0.5007150605116046
3.1303036470707424,3.8741758340162096,0.6554688432529479,1.3109376865058957,65.0,0.0,1941.4666163562326,0.49175658492136787
2.959788173672962,4.590925182377631,0.7167493483614211,1.4334986967228422,65.0,0.0,1941.4782241809987,0.5067593043493555
2.6068107301300403,5.203492563875875,0.612567381498244,1.225134762996488,62.0,-3.0,1940.733010852099,0.5236059107837184
2.5775828418181534,5.779788412428371,0.5762958485524967,1.1525916971049934,59.0,-3.0,1938.7893804251048,0.5476760753201616
2.8278876817119136,6.315939650677743,0.5361512382493716,1.0723024764987432,56.0,-3.0,1935.073782408664,0.5635364496359692
2.7324576094977564,6.427933926604847,0.11199427592710443,0.22398855185420885,57.0,1.0,1931.611863094928,0.5584879669112448
2.7057965557288197,6.945913415277983,0.5179794886731353,1.0359589773462705,51.0,-6.0,1929.814365721936,0.566572604045069
2.732280291756587,7.482623359190606,0.5367099439126237,1.0734198878252474,48.0,-3.0,1925.7587457470024,0.6133018377603671
2.7476076326626346,8.024500469905384,0.5418771107147773,1.0837542214295546,37.0,-11.0,1919.3030439093181,0.5901218629467792
2.9485674372198534,8.437584095253287,0.41308362534790355,0.8261672506958071,35.0,-2.0,1916.6858648363734,0.6365397128640282
3.234715086226862,8.745346454628095,0.30776235937480756,0.6155247187496151,35.0,0.0,1912.4710443613174,0.6398568332137008
3.3691927322470767,8.996163205458616,0.2508167508305217,0.5016335016610434,31.0,-4.0,1909.0118438356333,0.6084734920734296
3.186240560494542,9.243482477612762,0.2473192721541455,0.494638544308291,29.0,-2.0,1902.8264959223964,0.5706427963084924
3.033429049469542,9.452696749189347,0.20921427157658457,0.41842854315316913,28.0,-1.0,1902.5697283487782,0.5667421110433335
3.308462457148784,9.600842356045295,0.14814560685594813,0.29629121371189626,27.0,-1.0,1901.725047510323,0.5515003106458685
3.7158754349999885,10.085283779670434,0.48444142362513887,0.9688828472502777,27.0,0.0,1901.713355311046,0.5576537560096793
3.494465337220639,10.539893405223749,0.4546096255533154,0.9092192511066308,26.0,-1.0,1901.0515004245817,0.6193580340267584
3.6861524742157057,10.847270486754796,0.3073770815310475,0.614754163062095,22.0,-4.0,1896.731727847124,0.5715408019589726
3.8313618188323093,11.221869346724104,0.3745988599693071,0.7491977199386142,23.0,1.0,1893.0615488920523,0.5931860498059367
3.9045672464665664,11.568647309043056,0.34677796231895286,0.6935559246379057,19.0,-4.0,1885.988129482459,0.49208797802304427
3.9037316322023394,12.001615629855392,0.4329683208123356,0.8659366416246712,16.0,-3.0,1875.1493139992415,0.38897447120818324
3.7281409010792492,12.23228164245463,0.23066601259923836,0.4613320251984767,15.0,-1.0,1873.7631854433864,0.40899897028679266
3.263660479312696,12.467364408599133,0.23508276614450274,0.4701655322890055,16.0,1.0,1861.4019223613686,0.33267757514836443
3.573298796996908,12.533425927443254,0.06606151884412093,0.13212303768824185,15.0,-1.0,1859.8409665102376,0.2987453006069049
3.4350991943543487,12.721739405295777,0.18831347785252284,0.3766269557050457,14.0,-1.0,1857.3209661413925,0.26753187664475064
3.2190346029400323,0.0011222423144744715,0.0011222423144744715,0.002244484628948943,24.0,0.0,1589.5080956921072,0.6727441796846129
3.1211647234330826,0.0007805692474422752,-0.00034167306703219633,-0.0006833461340643927,25.0,1.0,1591.7724369252837,0.6674753315321805
2.940776374087191,0.0006929135665146857,-8.765568092758945e-05,-0.0001753113618551789,25.0,0.0,1592.5847352430192,0.6455940860435198
3.1484487793366243,0.0005733986744642648,-0.00011951489205042087,-0.00023902978410084174,24.0,-1.0,1590.837390102348,0.6553872793900539
3.193480134012952,0.0005461964602179855,-2.7202214246279397e-05,-5.4404428492558794e-05,24.0,0.0,1591.4913648008899,0.664865568509698
2.97191761881595,0.00042525145156207254,-0.00012094500865591292,-0.00024189001731182583,24.0,0.0,1592.1402829629715,0.6658941223933095
3.2057004321820974,0.00036919684744052543,-5.60546041215471e-05,-0.0001121092082430942,24.0,0.0,1592.8374791814006,0.6658331404878748
2.7304652706210852,0.000448948070840333,7.975122339980758e-05,0.00015950244679961516,25.0,1.0,1591.5910488153597,0.6612064387736097
3.0931723627358916,0.0015050069280721729,0.00105605885723184,0.00211211771446368,26.0,1.0,1594.2492081055766,0.6286475656834024
3.1979520024341834,0.019212923596644206,0.01770791666857203,0.03541583333714406,26.0,0.0,1595.0612452096445,0.6206764641644311
3.0500846553871575,0.11256381318941816,0.09335088959277396,0.18670177918554792,25.0,-1.0,1593.7186788173678,0.6024787025726192
2.9765920749923813,0.03839135652907975,-0.07417245666033842,-0.14834491332067684,25.0,0.0,1594.402217594922,0.6035172258801492
2.8084593958852886,0.004549068607133536,-0.03384228792194621,-0.06768457584389242,25.0,0.0,1595.0330704354535,0.5895238199746666
2.91686782525404,0.003954777253759485,-0.0005942913533740508,-0.0011885827067481015,25.0,0.0,1595.6848799458458,0.5785461364486133
3.000466936390055,0.0033800467457311646,-0.0005747305080283207,-0.0011494610160566413,24.0,-1.0,1594.147447828526,0.5900495224106568
2.826340530832389,0.004033672078928264,0.0006536253331970998,0.0013072506663941996,24.0,0.0,1594.626037237115,0.6017046233797326
2.8369297307459735,0.007656305208442525,0.0036226331295142605,0.007245266259028521,23.0,-1.0,1598.1071959932694,0.6131325713143508
2.9537890616492177,0.23221760398526772,0.2245612987768252,0.4491225975536504,23.0,0.0,1598.7452578500258,0.6092295530478071
3.087871256179767,0.07886984030005079,-0.15334776368521694,-0.3066955273704339,23.0,0.0,1595.150761616155,0.6238145156940285
2.9411691339989794,0.00830658798674608,-0.07056325231330471,-0.14112650462660942,23.0,0.0,1595.6642217918975,0.5853176282547182
2.6559089486961387,0.004361684305798614,-0.0039449036809474656,-0.007889807361894931,23.0,0.0,1596.1157829283734,0.5979235638238439
2.942810254030722,0.40559355713507894,0.4012318728292803,0.8024637456585606,23.0,0.0,1596.5656617382401,0.5267876631736843
3.0650377182912742,0.6428950336819257,0.23730147654684675,0.4746029530936935,23.0,0.0,1596.9371437498867,0.5294217913596365
3.3228160740175205,0.45372519232586045,-0.18916984135606524,-0.3783396827121305,24.0,1.0,1594.7532604126657,0.5538289622762865
2.9760692987196613,0.08624336149673704,-0.3674818308291234,-0.7349636616582468,24.0,0.0,1595.213355384333,0.5567574789543371
3.0186638482959687,0.019570654928477517,-0.06667270656825952,-0.13334541313651904,24.0,0.0,1595.676407391731,0.5826960525790421
3.0460513852792155,0.01043191643582617,-0.009138738492651347,-0.018277476985302694,23.0,-1.0,1598.6877972290097,0.6373410593325596
2.961799553924015,0.004685507373185337,-0.005746409062640833,-0.011492818125281665,24.0,1.0,1596.4745193216813,0.6408685131881533
2.850436573673665,0.0024601151027820074,-0.0022253922704033296,-0.004450784540806659,25.0,1.0,1596.065738376051,0.6281815133011122
2.6852896257266554,0.0012235125172812642,-0.0012366025855007432,-0.0024732051710014864,25.0,0.0,1596.7872199380624,0.6346982217237399
2.797854412566439,0.0003420080413667877,-0.0008815044759144765,-0.001763008951828953,24.0,-1.0,1593.169542739519,0.6495131582343624
2.862156126976098,0.0003346021833027171,-7.4058580640705765e-06,-1.4811716128141153e-05,24.0,0.0,1593.7580808251996,0.6554788061632572
2.958808902319767,0.00038996505354597753,5.536287024326042e-05,0.00011072574048652084,25.0,1.0,1591.93936289571,0.6471174052071602
2.8375702690314055,2.5898540138086393e-05,-0.00036406651340789115,-0.0007281330268157823,24.0,-1.0,1594.1660688792956,0.6362794576551748
3.141740283987791,4.734223600380261e-05,2.1443695865716216e-05,4.288739173143243e-05,23.0,-1.0,1599.8433711539424,0.6556956254729123
2.9875730712024398,1.3756781620079224e-05,-3.358545438372339e-05,-6.717090876744677e-05,22.0,-1.0,1596.5019009629732,0.6740263029774515
3.203015537320236,0.00022417311177677556,0.00021041633015669633,0.00042083266031339267,22.0,0.0,1597.382629121293,0.640819674801348
3.089014356045598,0.00034771508987424505,0.0001235419780974695,0.000247083956194939,22.0,0.0,1598.346152877706,0.6402839526604709
3.011654081725858,9.721019090011057e-05,-0.00025050489897413447,-0.0005010097979482689,21.0,-1.0,1600.533624583123,0.6487134654494956
